{
  "Sun": {
    "m": 1.0,
    "r": 0.0046524726,
    "a": 0.0,
    "color": "fce570",
    "e": 0.0,
    "star": true
  },
  "Mercury": {
    "m": 1.6601205952315e-7,
    "r": 1.336917e-8,
    "a": 0.387098,
    "color": "b5a7a7",
    "e": 0.206,
    "star": false
  },
  "Venus": {
    "m": 0.0000024478619239918,
    "r": 4.010752e-8,
    "a": 0.723332,
    "color": "ffc649",
    "e": 0.007,
    "star": false
  },
  "Earth": {
    "m": 3.0034146856629e-06,
    "r": 0.00004263521,
    "a": 1.0,
    "color": "287ab8",
    "e": 0.017,
    "star": false
  },
  "Mars": {
    "m": 3.2271545459574e-7,
    "r": 0.00002265741,
    "a": 1.52368055,
    "color":"9c2e35",
    "e": 0.094,
    "star": false
  },
  "Jupiter": {
    "m": 0.00095460328795506,
    "r": 0.0004673262,
    "a": 5.2038,
    "color": "e26d4a",
    "e": 0.048,
    "star": false
  },
  "Saturn": {
    "m": 0.00028581773926687,
    "r": 0.0003892569,
    "a": 9.5826,
    "color": "c5ab6e",
    "e": 0.054,
    "star": false
  },
  "Uranus": {
    "m": 0.000043656680764608,
    "r": 0.0001695345,
    "a": 19.19126,
    "color": "4fd0e7",
    "e": 0.048,
    "star": false
  },
  "Neptune": {
    "m": 0.000051501405603303,
    "r": 0.0001645879,
    "a": 30.07,
    "color": "2990b5",
    "e": 0.007,
    "star": false
  }
}